{"HealthAndLifestyle": [-0.28376340141046041, 3.1271854319977862e-10], "CommunicationAndSocial": [-0.23690292758089387, 2.8497235281718717e-06], "GamesAndEntertainment": [-0.28235782482357813, 4.5916826336858379e-10], "ArtAndPhotography": [-0.21717352415026844, 0.00024747938818964074], "ProductivityAndTools": [-0.32259414225941446, 9.9085289844339063e-14], "Music": [-0.20041826420355507, 0.00024815048590615563], "News": [-0.25891917742706821, 3.5148660360445226e-08], "Education": [-0.1698339069280263, 0.001246890059196863]}